<?xml version="1.0" encoding="UTF-8"?>
<territory-type>
    <territory color="3556750600">
        <zone name="Zone_hen" smin="0" smax="0" dmin="0" dmax="0" x="14631.7" z="7244.17" r="90"/>
        <zone name="Zone_hen" smin="0" smax="0" dmin="0" dmax="0" x="14871.7" z="7448.33" r="82.5"/>
        <zone name="Zone_hen" smin="0" smax="0" dmin="0" dmax="0" x="16553.3" z="7866.67" r="90"/>
        <zone name="Zone_hen" smin="0" smax="0" dmin="0" dmax="0" x="16720" z="8066.67" r="90"/>
        <zone name="Zone_hen" smin="0" smax="0" dmin="0" dmax="0" x="16200" z="8206.67" r="90"/>
        <zone name="Zone_hen" smin="0" smax="0" dmin="0" dmax="0" x="15700" z="8553.33" r="90"/>
        <zone name="Zone_hen" smin="0" smax="0" dmin="0" dmax="0" x="17033.3" z="8973.33" r="90"/>
        <zone name="Zone_hen" smin="0" smax="0" dmin="0" dmax="0" x="16893.3" z="10013.3" r="90"/>
        <zone name="Zone_hen" smin="0" smax="0" dmin="0" dmax="0" x="16973.3" z="10300" r="90"/>
        <zone name="Zone_hen" smin="0" smax="0" dmin="0" dmax="0" x="15740" z="9646.67" r="90"/>
        <zone name="Zone_hen" smin="0" smax="0" dmin="0" dmax="0" x="14493.3" z="9686.67" r="90"/>
        <zone name="Zone_hen" smin="0" smax="0" dmin="0" dmax="0" x="14306.7" z="8826.67" r="90"/>
        <zone name="Zone_hen" smin="0" smax="0" dmin="0" dmax="0" x="14400" z="8700" r="90"/>
        <zone name="Zone_hen" smin="0" smax="0" dmin="0" dmax="0" x="12913.3" z="9126.67" r="90"/>
        <zone name="Zone_hen" smin="0" smax="0" dmin="0" dmax="0" x="12606.7" z="9933.33" r="90"/>
        <zone name="Zone_hen" smin="0" smax="0" dmin="0" dmax="0" x="12380" z="10666.7" r="90"/>
        <zone name="Zone_hen" smin="0" smax="0" dmin="0" dmax="0" x="12206.7" z="10586.7" r="90"/>
        <zone name="Zone_hen" smin="0" smax="0" dmin="0" dmax="0" x="13380" z="11693.3" r="90"/>
        <zone name="Zone_hen" smin="0" smax="0" dmin="0" dmax="0" x="13506.7" z="12140" r="90"/>
        <zone name="Zone_hen" smin="0" smax="0" dmin="0" dmax="0" x="13866.7" z="12480" r="90"/>
        <zone name="Zone_hen" smin="0" smax="0" dmin="0" dmax="0" x="14193.3" z="12126.7" r="90"/>
        <zone name="Zone_hen" smin="0" smax="0" dmin="0" dmax="0" x="14346.7" z="11700" r="90"/>
        <zone name="Zone_hen" smin="0" smax="0" dmin="0" dmax="0" x="14060" z="11240" r="90"/>
        <zone name="Zone_hen" smin="0" smax="0" dmin="0" dmax="0" x="13913.3" z="10586.7" r="90"/>
        <zone name="Zone_hen" smin="0" smax="0" dmin="0" dmax="0" x="15560" z="11786.7" r="90"/>
        <zone name="Zone_hen" smin="0" smax="0" dmin="0" dmax="0" x="16473.3" z="10746.7" r="90"/>
        <zone name="Zone_hen" smin="0" smax="0" dmin="0" dmax="0" x="16686.7" z="10860" r="90"/>
        <zone name="Zone_hen" smin="0" smax="0" dmin="0" dmax="0" x="17013.3" z="11860" r="90"/>
        <zone name="Zone_hen" smin="0" smax="0" dmin="0" dmax="0" x="17106.7" z="12373.3" r="90"/>
        <zone name="Zone_hen" smin="0" smax="0" dmin="0" dmax="0" x="17740" z="14546.7" r="90"/>
        <zone name="Zone_hen" smin="0" smax="0" dmin="0" dmax="0" x="17813.3" z="15153.3" r="90"/>
        <zone name="Zone_hen" smin="0" smax="0" dmin="0" dmax="0" x="17660" z="15033.3" r="90"/>
        <zone name="Zone_hen" smin="0" smax="0" dmin="0" dmax="0" x="16540" z="14566.7" r="90"/>
        <zone name="Zone_hen" smin="0" smax="0" dmin="0" dmax="0" x="16100" z="15020" r="90"/>
        <zone name="Zone_hen" smin="0" smax="0" dmin="0" dmax="0" x="15080" z="13560" r="90"/>
        <zone name="Zone_hen" smin="0" smax="0" dmin="0" dmax="0" x="15186.7" z="13186.7" r="90"/>
        <zone name="Zone_hen" smin="0" smax="0" dmin="0" dmax="0" x="14646.7" z="12940" r="90"/>
        <zone name="Zone_hen" smin="0" smax="0" dmin="0" dmax="0" x="14860" z="13233.3" r="90"/>
        <zone name="Zone_hen" smin="0" smax="0" dmin="0" dmax="0" x="15333.3" z="14073.3" r="90"/>
        <zone name="Zone_hen" smin="0" smax="0" dmin="0" dmax="0" x="15593.3" z="14173.3" r="90"/>
        <zone name="Zone_hen" smin="0" smax="0" dmin="0" dmax="0" x="15213.3" z="14226.7" r="90"/>
        <zone name="Zone_hen" smin="0" smax="0" dmin="0" dmax="0" x="15486.7" z="15480" r="90"/>
        <zone name="Zone_hen" smin="0" smax="0" dmin="0" dmax="0" x="15433.3" z="15600" r="90"/>
        <zone name="Zone_hen" smin="0" smax="0" dmin="0" dmax="0" x="16160" z="16766.7" r="90"/>
        <zone name="Zone_hen" smin="0" smax="0" dmin="0" dmax="0" x="14026.7" z="15986.7" r="90"/>
        <zone name="Zone_hen" smin="0" smax="0" dmin="0" dmax="0" x="13680" z="16013.3" r="90"/>
        <zone name="Zone_hen" smin="0" smax="0" dmin="0" dmax="0" x="13933.3" z="15586.7" r="90"/>
        <zone name="Zone_hen" smin="0" smax="0" dmin="0" dmax="0" x="14206.7" z="15526.7" r="90"/>
        <zone name="Zone_hen" smin="0" smax="0" dmin="0" dmax="0" x="12140" z="13713.3" r="90"/>
        <zone name="Zone_hen" smin="0" smax="0" dmin="0" dmax="0" x="12466.7" z="14046.7" r="90"/>
        <zone name="Zone_hen" smin="0" smax="0" dmin="0" dmax="0" x="12513.3" z="14446.7" r="90"/>
        <zone name="Zone_hen" smin="0" smax="0" dmin="0" dmax="0" x="12060" z="14373.3" r="90"/>
        <zone name="Zone_hen" smin="0" smax="0" dmin="0" dmax="0" x="12446.7" z="14260" r="90"/>
        <zone name="Zone_hen" smin="0" smax="0" dmin="0" dmax="0" x="12573.3" z="14080" r="90"/>
        <zone name="Zone_hen" smin="0" smax="0" dmin="0" dmax="0" x="11780" z="15086.7" r="90"/>
        <zone name="Zone_hen" smin="0" smax="0" dmin="0" dmax="0" x="11253.3" z="15160" r="90"/>
        <zone name="Zone_hen" smin="0" smax="0" dmin="0" dmax="0" x="11126.7" z="14753.3" r="90"/>
        <zone name="Zone_hen" smin="0" smax="0" dmin="0" dmax="0" x="11173.3" z="13780" r="90"/>
        <zone name="Zone_hen" smin="0" smax="0" dmin="0" dmax="0" x="10806.7" z="13700" r="90"/>
        <zone name="Zone_hen" smin="0" smax="0" dmin="0" dmax="0" x="10893.3" z="13246.7" r="90"/>
        <zone name="Zone_hen" smin="0" smax="0" dmin="0" dmax="0" x="12246.7" z="15326.7" r="90"/>
        <zone name="Zone_hen" smin="0" smax="0" dmin="0" dmax="0" x="12560" z="15433.3" r="90"/>
        <zone name="Zone_hen" smin="0" smax="0" dmin="0" dmax="0" x="12093.3" z="15633.3" r="90"/>
        <zone name="Zone_hen" smin="0" smax="0" dmin="0" dmax="0" x="11993.3" z="15880" r="90"/>
        <zone name="Zone_hen" smin="0" smax="0" dmin="0" dmax="0" x="12326.7" z="15633.3" r="90"/>
        <zone name="Zone_hen" smin="0" smax="0" dmin="0" dmax="0" x="12880" z="15706.7" r="90"/>
        <zone name="Zone_hen" smin="0" smax="0" dmin="0" dmax="0" x="13580" z="16300" r="90"/>
        <zone name="Zone_hen" smin="0" smax="0" dmin="0" dmax="0" x="13466.7" z="16546.7" r="90"/>
        <zone name="Zone_hen" smin="0" smax="0" dmin="0" dmax="0" x="13726.7" z="16780" r="90"/>
        <zone name="Zone_hen" smin="0" smax="0" dmin="0" dmax="0" x="9886.67" z="16733.3" r="90"/>
        <zone name="Zone_hen" smin="0" smax="0" dmin="0" dmax="0" x="9640" z="16653.3" r="90"/>
        <zone name="Zone_hen" smin="0" smax="0" dmin="0" dmax="0" x="8886.67" z="16480" r="90"/>
        <zone name="Zone_hen" smin="0" smax="0" dmin="0" dmax="0" x="8920" z="16220" r="90"/>
        <zone name="Zone_hen" smin="0" smax="0" dmin="0" dmax="0" x="13480" z="9960" r="90"/>
        <zone name="Zone_hen" smin="0" smax="0" dmin="0" dmax="0" x="13733.3" z="9300" r="90"/>
        <zone name="Zone_hen" smin="0" smax="0" dmin="0" dmax="0" x="13826.7" z="7320" r="90"/>
        <zone name="Zone_hen" smin="0" smax="0" dmin="0" dmax="0" x="14113.3" z="7046.67" r="90"/>
        <zone name="Zone_hen" smin="0" smax="0" dmin="0" dmax="0" x="15686.7" z="3946.67" r="90"/>
        <zone name="Zone_hen" smin="0" smax="0" dmin="0" dmax="0" x="16066.7" z="4106.67" r="90"/>
        <zone name="Zone_hen" smin="0" smax="0" dmin="0" dmax="0" x="16040" z="3920" r="90"/>
        <zone name="Zone_hen" smin="0" smax="0" dmin="0" dmax="0" x="15760" z="3780" r="90"/>
        <zone name="Zone_hen" smin="0" smax="0" dmin="0" dmax="0" x="16013.3" z="4473.33" r="90"/>
    </territory>
</territory-type>
